<?xml version="1.0" encoding="UTF-8" ?>  
<!DOCTYPE struts PUBLIC  
    "-//Apache Software Foundation//DTD Struts Configuration 2.0//EN"  
    "http://struts.apache.org/dtds/struts-2.0.dtd">  
  
<struts>  
  
    <include file="struts-default.xml" />  
    <package name="j2ee" extends="struts-default">  
        
<!--         <action name="register" class="regAction">  
            <result name="input">/Register.jsp</result>  
            <result name="success">/Success.jsp</result>  
            <result name="error">/Fail.jsp</result>  
        </action>  
        
        <action name = "login" class="loginAction">
            
        </action> -->
        
        <action name="movie_*" class="movAction" method="{1}">
            <!-- <result name="query">/Success.jsp</result> -->
            <result name="predict">/Predict.jsp</result>
        </action>

    
    </package>  
  
</struts>  


