<?xml version="1.0" encoding="UTF-8"?>  
<beans xmlns="http://www.springframework.org/schema/beans"  
    xmlns:xsi="http://www.w3.org/2001/XMLSchema-instance"  
    xsi:schemaLocation="http://www.springframework.org/schema/beans  
           http://www.springframework.org/schema/beans/spring-beans-3.0.xsd">  
  
    <!-- 定义数据源的信息 -->  
    <bean id="dataSource" class="com.mchange.v2.c3p0.ComboPooledDataSource"  
        destroy-method="close">  
        <property name="driverClass">  
            <value>com.mysql.jdbc.Driver</value>  
        </property>  
        <property name="jdbcUrl">  
            <value>jdbc:mysql://localhost/ds</value>  
        </property>  
        <property name="user">  
            <value>root</value>  
        </property>  
        <property name="password">  
            <value>123456</value>  
        </property>  
        <property name="maxPoolSize">  
            <value>80</value>  
        </property>  
        <property name="minPoolSize">  
            <value>1</value>  
        </property>  
        <property name="initialPoolSize">  
            <value>1</value>  
        </property>  
        <property name="maxIdleTime">  
            <value>20</value>  
        </property>  
    </bean>  
  
    <!--定义Hibernate的SessionFactory -->  
    <!-- SessionFactory使用的数据源为上面的数据源 -->  
    <!-- 指定了Hibernate的映射文件和配置信息 -->  
    <bean id="sessionFactory"  
        class="org.springframework.orm.hibernate3.LocalSessionFactoryBean">  
        <property name="dataSource">  
            <ref local="dataSource" />  
        </property>  
        <property name="mappingResources">  
            <list>  
            </list>  
        </property>  
        <property name="hibernateProperties">  
            <props>  
                <prop key="hibernate.dialect">org.hibernate.dialect.MySQLDialect</prop>  
                <prop key="show_sql">true</prop>  
                <prop key="hibernate.jdbc.batch_size">20</prop>  
            </props>  
        </property>  
    </bean>  
  
    <bean id="transactionManager"  
        class="org.springframework.orm.hibernate3.HibernateTransactionManager">  
        <property name="sessionFactory" ref="sessionFactory" />  
    </bean>  
  
    <bean id="baseDao" class="com.j2ee.daoImpl.UserDao">  
        <property name="sessionFactory">  
            <ref bean="sessionFactory" />  
        </property>  
    </bean>                                                                                                                                                                                                                                                                                                                                                                                                                                                                                                                                                                                                                                                                                                                                                                                                                                                                                                                                                                                                                                                                                                                                                                                                                                                                                                                                                                                                                                                                                                                                                                                                                                                                                                                                                                                                                                                                                                                                                                                                                                  
    
    <!--用户注册业务逻辑类 -->  
    <bean id="userManager" class="com.j2ee.serviceImpl.UserManagerImpl">  
        <property name="dao">  
            <ref bean="baseDao" />  
        </property>  
    </bean>  
  
    <!-- 用户注册的Action -->  
    <bean id="regAction" class="com.j2ee.action.RegisterAction">  
        <property name="userManager">  
            <ref bean="userManager" />  
        </property>  
    </bean>  
    
    <bean id="loginAction" class="com.j2ee.action.LoginAction">
        
    </bean>
    
    <bean id="studentDao" class="com.j2ee.daoImpl.StudentDaoImpl">
        <property name="sessionFactory">
            <ref bean="sessionFactory"/>
        </property>
    </bean>
    
    <bean id="studentService" class="com.j2ee.serviceImpl.StudentServiceImpl">
        <property name="stddao">
            <ref bean="studentDao"/>
        </property>
    </bean>     
    <bean id="movAction" class="com.j2ee.action.MovieAction">
        <property name="studentService">
            <ref bean="studentService"/>
        </property>
    </bean>
        
    <!-- more bean definitions go here -->  
  
</beans>  