<?xml version="1.0" encoding='UTF-8'?>  
<!DOCTYPE hibernate-mapping PUBLIC  
                            "-//Hibernate/Hibernate Mapping DTD 3.0//EN"  
                            "http://hibernate.sourceforge.net/hibernate-mapping-3.0.dtd" >  
  
<hibernate-mapping package="com.j2ee.beans">  
     <class name="Student" table="student">
        <id name="stdID" column="StdID">
            <generator class= "native"></generator>
        </id>
        <property name="stdName" column="StdName" type="java.lang.String"
            length="64"></property>
        <property name="stdBirthday" column="StdBirthday" type="java.lang.String"
            length="64"></property>
        <property name="stdGender" column="StdGender" type="java.lang.String"
            length="64"></property>
        <property name="stdEmail" column="StdEmail" type="java.lang.String"
            length="64"></property>
    </class>
</hibernate-mapping>